epoch,val_loss,elapsed,mean_pnl,std_pnl
0,9.992814130741486,0.0,-8.092902491895673,2.133831091297787
