epoch,val_loss,elapsed,mean_pnl,std_pnl
0,9.552570607650273,0.0,-8.125225915663696,1.487226914221152
