epoch,val_loss,elapsed,mean_pnl,std_pnl
0,9.552570607650438,0.0,-8.125225915663714,1.4872269142211425
