epoch,val_loss,elapsed,mean_pnl,std_pnl
0,9.992814130741483,0.0,-8.092902491895675,2.133831091297786
