epoch,val_loss,elapsed,mean_pnl,std_pnl
0,10.162065505981445,0.0,-7.009068012237549,2.443164587020874
